{"cameraMode":{"drawMode":0,"name":"Shaded","section":"Shading Mode"},"sceneLighting":false,"audioPlay":false,"sceneViewState":{"showFog":false,"showMaterialUpdate":false,"showSkybox":false,"showFlares":false,"showImageEffects":false,"showParticleSystems":false},"in2DMode":false,"pivot":{"x":4.30191707611084,"y":0.9846901893615723,"z":11.061902046203614},"rotation":{"x":0.2262706607580185,"y":-0.2508697509765625,"z":0.06043492630124092,"w":0.9392611980438232},"size":6.575944423675537,"orthographic":false}