{"cameraMode":{"drawMode":0,"name":"Shaded","section":"Shading Mode"},"sceneLighting":false,"audioPlay":false,"sceneViewState":{"showFog":false,"showMaterialUpdate":false,"showSkybox":false,"showFlares":false,"showImageEffects":false,"showParticleSystems":false},"in2DMode":false,"pivot":{"x":61.368812561035159,"y":1.7279436588287354,"z":28.952707290649415},"rotation":{"x":-0.30571502447128298,"y":0.6314477920532227,"z":-0.29828259348869326,"w":-0.6471747159957886},"size":0.48578670620918276,"orthographic":false}