{"cameraMode":{"drawMode":0,"name":"Shaded","section":"Shading Mode"},"sceneLighting":false,"audioPlay":false,"sceneViewState":{"showFog":false,"showMaterialUpdate":false,"showSkybox":false,"showFlares":false,"showImageEffects":false,"showParticleSystems":false},"in2DMode":false,"pivot":{"x":2.384185791015625e-7,"y":1.0599918365478516,"z":11.760000228881836},"rotation":{"x":0.345020055770874,"y":-0.6181085705757141,"z":0.3464736342430115,"w":0.6155152916908264},"size":1.9386224746704102,"orthographic":false}