{"cameraMode":{"drawMode":0,"name":"Shaded","section":"Shading Mode"},"sceneLighting":false,"audioPlay":false,"sceneViewState":{"showFog":false,"showMaterialUpdate":false,"showSkybox":false,"showFlares":false,"showImageEffects":false,"showParticleSystems":false},"in2DMode":false,"pivot":{"x":0.0001506805419921875,"y":0.4061264991760254,"z":0.6045587062835693},"rotation":{"x":0.1477382481098175,"y":-0.7016890048980713,"z":0.15242157876491548,"w":0.6801283359527588},"size":2.2588138580322267,"orthographic":false}