{"cameraMode":{"drawMode":0,"name":"Shaded","section":"Shading Mode"},"sceneLighting":true,"audioPlay":false,"sceneViewState":{"showFog":false,"showMaterialUpdate":false,"showSkybox":false,"showFlares":false,"showImageEffects":false,"showParticleSystems":false},"in2DMode":false,"pivot":{"x":55.5925178527832,"y":2.6137237548828127,"z":54.1461067199707},"rotation":{"x":0.45368704199790957,"y":-0.5411766767501831,"z":0.447470486164093,"w":0.548694908618927},"size":28.295642852783204,"orthographic":false}